{
	"info": {
		"_postman_id": "f99cf82c-17e5-48a7-8634-eba2e53c0e9d",
		"name": "RedoQ",
		"schema": "https://schema.getpostman.com/json/collection/v2.1.0/collection.json"
	},
	"item": [
		{
			"name": "Register API",
			"request": {
				"method": "POST",
				"header": [
					{
						"key": "user_id",
						"value": "24",
						"type": "text",
						"disabled": true
					}
				],
				"body": {
					"mode": "raw",
					"raw": "{ \r\n    \"name\": \"Aarav\",\r\n    \"mobile\":\"6985234499\",\r\n    \"email\":\"aarav@gmail.co.in\",\r\n    \"password\":\"paassPASS123@\",\r\n    \"locality\":\"Field Road\",\r\n    \"pincode\":\"814133\",\r\n    \"ps\":\"Godda\",\r\n    \"district\":\"Godda\",\r\n    \"state\":\"Jharkhand\"\r\n\r\n}",
					"options": {
						"raw": {
							"language": "json"
						}
					}
				},
				"url": {
					"raw": "{{Base URL}}/register",
					"host": [
						"{{Base URL}}"
					],
					"path": [
						"register"
					],
					"query": [
						{
							"key": "fee",
							"value": "",
							"disabled": true
						}
					]
				}
			},
			"response": []
		},
		{
			"name": "LogIn API",
			"request": {
				"method": "POST",
				"header": [
					{
						"key": "user_id",
						"value": "24",
						"type": "text",
						"disabled": true
					}
				],
				"body": {
					"mode": "raw",
					"raw": "{   \r\n    \"mobile\":\"7252829864\",  \r\n    \"password\":\"paassPASS123@\"\r\n    \r\n    \r\n\r\n}",
					"options": {
						"raw": {
							"language": "json"
						}
					}
				},
				"url": {
					"raw": "{{Base URL}}/login",
					"host": [
						"{{Base URL}}"
					],
					"path": [
						"login"
					],
					"query": [
						{
							"key": "fee",
							"value": "",
							"disabled": true
						}
					]
				}
			},
			"response": []
		},
		{
			"name": "GetUserData API",
			"protocolProfileBehavior": {
				"disableBodyPruning": true
			},
			"request": {
				"method": "GET",
				"header": [
					{
						"key": "user_id",
						"value": "U2FsdGVkX18I6Mafzo5xY67GdABOYI4+B57mollWnpE=",
						"type": "text"
					}
				],
				"body": {
					"mode": "raw",
					"raw": "{\r\n    \"database_id\":\"child_2\"\r\n}",
					"options": {
						"raw": {
							"language": "json"
						}
					}
				},
				"url": {
					"raw": "{{Base URL}}/getUserData",
					"host": [
						"{{Base URL}}"
					],
					"path": [
						"getUserData"
					]
				}
			},
			"response": []
		}
	]
}